{
	"ccwms": {
		"frc1159": -12.480029931417796,
		"frc1197": 2.8472785147745,
		"frc1515": 5.741000304364014,
		"frc1759": -8.444733344367334,
		"frc2637": 9.696191122991642,
		"frc294": 5.142683494103702,
		"frc3408": 7.483234964969963,
		"frc3473": -11.457651353502486,
		"frc3476": 11.12325585799134,
		"frc3749": 22.26904040128061,
		"frc3863": 16.095084663955504,
		"frc4": 3.9519983198016506,
		"frc4201": 14.38690458905991,
		"frc4276": -5.612192308457213,
		"frc4470": -0.6284496213078328,
		"frc4501": -8.713001418433517,
		"frc4964": -17.122412297944734,
		"frc4999": -5.097130221902742,
		"frc5089": -1.4334569666168817,
		"frc5124": -6.557144561780488,
		"frc5669": -12.087775763110539,
		"frc5802": 4.627786765349418,
		"frc5857": 0.98158969518171,
		"frc589": -9.352513109464256,
		"frc597": -1.314569934551993,
		"frc599": -0.36270553249079146,
		"frc6000": -19.09057770689105,
		"frc606": 3.6636578851570323,
		"frc6658": -10.70209715644739,
		"frc6832": -7.1549334876707595,
		"frc6904": 8.025940989377554,
		"frc691": 0.7195511359546636,
		"frc696": 26.384150227021323,
		"frc702": -15.512859500466222,
		"frc7042": 15.186714371498244,
		"frc7157": 24.870398660928466,
		"frc7185": -4.45257193939889,
		"frc7840": 3.298054011932426,
		"frc8060": -7.9666298810746135,
		"frc8898": -15.031847172698122,
		"frc968": -7.348300568172103,
		"frc980": -0.11638674298055462
	},
	"dprs": {
		"frc1159": 15.578125008861896,
		"frc1197": 24.213314097033745,
		"frc1515": 10.578299254471357,
		"frc1759": 21.719407796187156,
		"frc2637": 17.800294044565536,
		"frc294": 16.775366165527043,
		"frc3408": 19.77587239886783,
		"frc3473": 33.18892887873326,
		"frc3476": 10.80271631581421,
		"frc3749": 8.947557851351025,
		"frc3863": 17.03478961700359,
		"frc4": 30.575434179371285,
		"frc4201": 14.107581416907818,
		"frc4276": 17.83440401850561,
		"frc4470": 20.0369118190672,
		"frc4501": 21.918332141336606,
		"frc4964": 23.70594442736172,
		"frc4999": 20.940751992832638,
		"frc5089": 16.653373715090108,
		"frc5124": 25.90930652831848,
		"frc5669": 29.176384328432896,
		"frc5802": 16.245781910176913,
		"frc5857": 20.87347934988197,
		"frc589": 21.605400392152596,
		"frc597": 25.348312022662366,
		"frc599": 25.4161248385469,
		"frc6000": 32.34118336837731,
		"frc606": 18.137552377011367,
		"frc6658": 25.624072962189093,
		"frc6832": 21.925850490564812,
		"frc6904": 9.519113245445759,
		"frc691": 19.75930721327862,
		"frc696": 8.036563020097079,
		"frc702": 36.19598378086625,
		"frc7042": 20.430566632611082,
		"frc7157": 23.13917402073966,
		"frc7185": 12.559264159679431,
		"frc7840": 30.15081427069559,
		"frc8060": 17.577943575850174,
		"frc8898": 25.993189240586513,
		"frc968": 20.23750304997412,
		"frc980": 25.70063317388007
	},
	"oprs": {
		"frc1159": 12.275016906603366,
		"frc1197": 38.97461080118502,
		"frc1515": 17.110303975173043,
		"frc1759": -0.009487567519448348,
		"frc2637": 38.830118014924516,
		"frc294": 32.475406514849915,
		"frc3408": 22.490342389843594,
		"frc3473": 22.023774119334952,
		"frc3476": 52.358715079333095,
		"frc3749": 24.308655048480333,
		"frc3863": 30.295905229062516,
		"frc4": 21.16794755865961,
		"frc4201": 49.75521444359976,
		"frc4276": 16.568765599531865,
		"frc4470": 12.087390484770154,
		"frc4501": 15.489590804476187,
		"frc4964": 1.8319803562855679,
		"frc4999": 12.466585955095058,
		"frc5089": 23.10531476632044,
		"frc5124": 30.935806625391855,
		"frc5669": 7.213150551241898,
		"frc5802": 29.638302927227375,
		"frc5857": 17.16269922831314,
		"frc589": 7.572373014996877,
		"frc597": 23.856048742906864,
		"frc599": 17.33670533714008,
		"frc6000": 8.575618762886643,
		"frc606": 8.077766239090906,
		"frc6658": 1.491840065256554,
		"frc6832": 13.927547564671373,
		"frc6904": 14.388980941746524,
		"frc691": 20.105970041206774,
		"frc696": 58.171021059701715,
		"frc702": 17.268140449679787,
		"frc7042": 30.57833854269551,
		"frc7157": 51.477430664376314,
		"frc7185": 7.974856638542835,
		"frc7840": 23.085806366623466,
		"frc8060": 10.930328944880763,
		"frc8898": 5.815140479276314,
		"frc968": 5.400937831928864,
		"frc980": 19.49994759111667
	}
}